{"_id":{"$oid":"5e174a3d9acea61d1d2af5b3"},"product":"3S-Smart Software Solutions","hash":"-279255504","tags":["ics"],"ip":"3562676719","isp":"Scientific-Production Enterprise Information Techn","transport":"tcp","data":"Operating System: Nucleus PLUS\nOperating System Details: Nucleus PLUS version unknown\nProduct: 3S-Smart Software Solutions\n","asn":"AS48239","port":"2455","hostnames":["239.33.90.212.it-tv.org"],"location":{"city":"Kiev","region_code":"12","area_code":null,"longitude":{"$numberDouble":"30.523799999999994"},"country_code3":"UKR","latitude":{"$numberDouble":"50.4547"},"postal_code":"02068","dma_code":null,"country_code":"UA","country_name":"Ukraine"},"timestamp":"2020-01-01T08:45:50.771828","domains":["it-tv.org"],"org":"Scientific-Production Enterprise Information Techn","os":null,"_shodan":{"crawler":"8cd926590a400feb4b683f8337a77287ddf3d2c7","ptr":true,"id":"044c9df1-8e6d-42a4-8154-9012bd6818d6","module":"codesys","options":{}},"ip_str":"212.90.33.239"}
{"_id":{"$oid":"5e174a3d9acea61d1d2af5b4"},"product":"3S-Smart Software Solutions","hash":"613453761","tags":["ics"],"ip":"1550948104","isp":"PJSC Ukrtelecom","transport":"tcp","data":"Operating System: Linux\nOperating System Details: 3.18.13-rt10-w02.00.03+3 [runti\nProduct: 3S-Smart Software Solutions\n","asn":"AS6849","port":"2455","hostnames":["8-151-113-92.pool.ukrtel.net"],"location":{"city":"Kirovograd","region_code":"10","area_code":null,"longitude":{"$numberDouble":"32.25970000000001"},"country_code3":"UKR","latitude":{"$numberDouble":"48.51320000000001"},"postal_code":"25015","dma_code":null,"country_code":"UA","country_name":"Ukraine"},"timestamp":"2020-01-01T11:39:28.143780","domains":["ukrtel.net"],"org":"PJSC Ukrtelecom","os":null,"_shodan":{"crawler":"5faf2928ceb560cb4276cc1b4660b2d763cc6397","ptr":true,"id":"ed9cd901-1e51-4d67-9d0f-03be12b23a6b","module":"codesys","options":{}},"ip_str":"92.113.151.8"}
{"_id":{"$oid":"5e174a3d9acea61d1d2af5b5"},"product":"3S-Smart Software Solutions","hash":"-279255504","tags":["ics"],"ip":"786129810","isp":"Freenet LTD","transport":"tcp","data":"Operating System: Nucleus PLUS\nOperating System Details: Nucleus PLUS version unknown\nProduct: 3S-Smart Software Solutions\n","asn":"AS31148","port":"2455","hostnames":[],"location":{"city":"Kiev","region_code":"12","area_code":null,"longitude":{"$numberDouble":"30.523799999999994"},"country_code3":"UKR","latitude":{"$numberDouble":"50.4547"},"postal_code":"02091","dma_code":null,"country_code":"UA","country_name":"Ukraine"},"timestamp":"2020-01-05T04:20:16.276509","domains":[],"org":"O3Core","os":null,"_shodan":{"crawler":"d264629436af1b777b3b513ca6ed1404d7395d80","ptr":true,"id":"2cdc5862-3792-4ac7-935a-e1051dd667d5","module":"codesys","options":{}},"ip_str":"46.219.99.146"}
{"_id":{"$oid":"5e174a3d9acea61d1d2af5b6"},"product":"3S-Smart Software Solutions","hash":"-279255504","tags":["ics"],"ip":"1539596854","isp":"Ukrainian Newest Telecommunication Ltd.","transport":"tcp","data":"Operating System: Nucleus PLUS\nOperating System Details: Nucleus PLUS version unknown\nProduct: 3S-Smart Software Solutions\n","asn":"AS43109","port":"2455","hostnames":["91.196.98.54.untc.net"],"location":{"city":"Kharkiv","region_code":"07","area_code":null,"longitude":{"$numberDouble":"36.252700000000004"},"country_code3":"UKR","latitude":{"$numberDouble":"49.98079999999999"},"postal_code":"61045","dma_code":null,"country_code":"UA","country_name":"Ukraine"},"timestamp":"2020-01-03T16:14:57.241010","domains":["untc.net"],"org":"Ukrainian Newest Telecommunication Ltd.","os":null,"_shodan":{"crawler":"23edd73099dd1e26ac30e646b7bb7857d248d542","ptr":true,"id":"58b06a4e-70c1-4af3-92c1-f4645323d539","module":"codesys","options":{}},"ip_str":"91.196.98.54"}
