{"_id":{"$oid":"5e1749c39acea61d1d2af4d6"},"_shodan":{"id":"8e981ac7-f4de-4a22-bdc6-8454adad5f39","options":{},"ptr":true,"module":"snmp","crawler":"b0f0de701beef55d9f52a22b2c071d0ea384bc26"},"hash":"-291870452","os":null,"ip":"3264186761","isp":"TOV TRK Briz","snmp":{"contact":"","location":"","name":"","description":"Siemens, SIMATIC S7, CPU-1200, 6ES7 214-1BG31-0XB0, HW: 1, FW: V.3.0.2, SZVD6YFX027508"},"port":"161","hostnames":["194.143.137.137.users.breezein.net"],"location":{"city":"Odessa","region_code":"17","area_code":null,"longitude":{"$numberDouble":"30.73259999999999"},"country_code3":"UKR","country_name":"Ukraine","postal_code":"65007","dma_code":null,"country_code":"UA","latitude":{"$numberDouble":"46.47749999999999"}},"timestamp":"2020-01-04T16:48:16.333916","domains":["breezein.net"],"org":"TOV TRK Briz","data":"Siemens, SIMATIC S7, CPU-1200, 6ES7 214-1BG31-0XB0, HW: 1, FW: V.3.0.2, SZVD6YFX027508","asn":"AS34661","transport":"udp","ip_str":"194.143.137.137"}
